Business Name,Category,Location,City,Country,Website,Phone,Email,WhatsApp,Source ID
TechVision Solutions,IT Services,Bandra,Mumbai,India,https://techvision.co.in,+91-9876543210,hello@techvision.co.in,9876543210,SRC_TV_001
Digital Marketing Pro,Marketing & Advertising,Koramangala,Bangalore,India,digitalmarketingpro.in,9123456789,contact@digitalmarketingpro.in,9123456789,SRC_DMP_001
CloudSync Innovations,Cloud Services,Sector 5,Gurugram,India,cloudsinc.io,9988776655,sales@cloudsinc.io,9988776655,SRC_CSI_001
E-Commerce Experts,E-Commerce,Fort,Mumbai,India,ecommexpert.com,9876543211,info@ecommexpert.com,9876543211,SRC_ECE_001
DataDrive Analytics,Data Analytics,Whitefield,Bangalore,India,https://datadriveanalytics.in,9111222333,hello@datadriveanalytics.in,9111222333,SRC_DDA_001
BrandBoost Agency,Branding & Design,Jubilee Hills,Hyderabad,India,brandboost.co.in,9444555666,contact@brandboost.co.in,9444555666,SRC_BBA_001
FinanceFlow Solutions,Financial Services,Fort,Mumbai,India,financeflow.in,9765432101,support@financeflow.in,9765432101,SRC_FFS_001
SecureWeb Technologies,Cybersecurity,Hitech City,Hyderabad,India,secureweb-tech.io,9999888877,sales@secureweb-tech.io,9999888877,SRC_SWT_001
SalesBoost CRM,Software & SaaS,Bangalore,Bangalore,India,salesboostcrm.com,9234567890,hello@salesboostcrm.com,9234567890,SRC_SBC_001
CreativeStudio Works,Creative Services,Worli,Mumbai,India,https://creativestudio.in,9111222334,inquiry@creativestudio.in,9111222334,SRC_CSW_001
